{"ratio": 1.0, "train_accuracy": 0.62, "train_precision": 0.5636363636363636, "train_recall": 0.484375, "train_sensitivity": 0.7209302325581395, "train_specificity": 0.484375, "train_f1score": 0.5210084033613446, "train_loss_graph": 0.6640247364838918, "_runtime": 692, "_timestamp": 1641464693, "_step": 203, "val_accuracy": 0.3157894736842105, "val_precision": 0.14285714285714285, "val_recall": 0.125, "val_sensitivity": 0.45454545454545453, "val_specificity": 0.125, "val_f1score": 0.13333333333333333, "val_loss_graph": 0.7694006499491239, "_wandb": {"runtime": 691}}