{"ratio": 1.0, "train_accuracy": 0.8466666666666667, "train_precision": 0.8253968253968254, "train_recall": 0.8125, "train_sensitivity": 0.872093023255814, "train_specificity": 0.8125, "train_f1score": 0.8188976377952756, "train_loss_graph": 0.46906663179397584, "_runtime": 1777, "_timestamp": 1641465945, "_step": 497, "val_accuracy": 0.47368421052631576, "val_precision": 0.4375, "val_recall": 0.875, "val_sensitivity": 0.18181818181818182, "val_specificity": 0.875, "val_f1score": 0.5833333333333334, "val_loss_graph": 0.7550136995942969}