{"ratio": 1.0, "train_accuracy": 0.8266666666666667, "train_precision": 0.7794117647058824, "train_recall": 0.828125, "train_sensitivity": 0.8255813953488372, "train_specificity": 0.828125, "train_f1score": 0.8030303030303031, "train_loss_graph": 0.49050670047601064, "_runtime": 1538, "_timestamp": 1641465706, "_step": 429, "val_accuracy": 0.6842105263157895, "val_precision": 0.6, "val_recall": 0.75, "val_sensitivity": 0.6363636363636364, "val_specificity": 0.75, "val_f1score": 0.6666666666666665, "val_loss_graph": 0.5790166211755652}