{"ratio": 1.0, "train_accuracy": 0.86, "train_precision": 0.864406779661017, "train_recall": 0.796875, "train_sensitivity": 0.9069767441860465, "train_specificity": 0.796875, "train_f1score": 0.8292682926829269, "train_loss_graph": 0.45194162607192995, "_runtime": 1920, "_timestamp": 1641466088, "_step": 537, "val_accuracy": 0.631578947368421, "val_precision": 0.5384615384615384, "val_recall": 0.875, "val_sensitivity": 0.45454545454545453, "val_specificity": 0.875, "val_f1score": 0.6666666666666667, "val_loss_graph": 0.6792468491353487}