{"ratio": 1.0, "train_accuracy": 0.8666666666666667, "train_precision": 0.8333333333333334, "train_recall": 0.859375, "train_sensitivity": 0.872093023255814, "train_specificity": 0.859375, "train_f1score": 0.8461538461538461, "train_loss_graph": 0.45129837016264596, "_runtime": 1856, "_timestamp": 1641466024, "_step": 519, "val_accuracy": 0.7368421052631579, "val_precision": 0.6363636363636364, "val_recall": 0.875, "val_sensitivity": 0.6363636363636364, "val_specificity": 0.875, "val_f1score": 0.7368421052631579, "val_loss_graph": 0.551572826347853}