{"ratio": 1.0, "train_accuracy": 0.9066666666666666, "train_precision": 0.9166666666666666, "train_recall": 0.859375, "train_sensitivity": 0.9418604651162791, "train_specificity": 0.859375, "train_f1score": 0.8870967741935484, "train_loss_graph": 0.41340327421824136, "_runtime": 875, "_timestamp": 1641464691, "_step": 311, "val_accuracy": 0.7368421052631579, "val_precision": 0.6666666666666666, "val_recall": 0.75, "val_sensitivity": 0.7272727272727273, "val_specificity": 0.75, "val_f1score": 0.7058823529411765, "val_loss_graph": 0.5972725278452823, "_wandb": {"runtime": 875}}