{"ratio": 1.0, "train_accuracy": 0.9366666666666666, "train_precision": 0.9658119658119658, "train_recall": 0.8828125, "train_sensitivity": 0.9767441860465116, "train_specificity": 0.8828125, "train_f1score": 0.9224489795918367, "train_loss_graph": 0.3873841518163681, "_runtime": 4541, "_timestamp": 1641466084, "_step": 999, "val_accuracy": 0.631578947368421, "val_precision": 0.6, "val_recall": 0.375, "val_sensitivity": 0.8181818181818182, "val_specificity": 0.375, "val_f1score": 0.4615384615384615, "val_loss_graph": 0.6676823528189408}