{"ratio": 1.0, "train_accuracy": 0.7866666666666666, "train_precision": 0.7857142857142857, "train_recall": 0.6875, "train_sensitivity": 0.8604651162790697, "train_specificity": 0.6875, "train_f1score": 0.7333333333333334, "train_loss_graph": 0.5188943663239479, "_runtime": 4473, "_timestamp": 1641466016, "_step": 989, "val_accuracy": 0.631578947368421, "val_precision": 0.6666666666666666, "val_recall": 0.25, "val_sensitivity": 0.9090909090909091, "val_specificity": 0.25, "val_f1score": 0.36363636363636365, "val_loss_graph": 0.6470449017850977}