{"ratio": 1.0, "train_accuracy": 0.8766666666666667, "train_precision": 0.8699186991869918, "train_recall": 0.8359375, "train_sensitivity": 0.9069767441860465, "train_specificity": 0.8359375, "train_f1score": 0.852589641434263, "train_loss_graph": 0.4474739212791125, "_runtime": 4405, "_timestamp": 1641465948, "_step": 979, "val_accuracy": 0.5789473684210527, "val_precision": 0.5, "val_recall": 0.25, "val_sensitivity": 0.8181818181818182, "val_specificity": 0.25, "val_f1score": 0.3333333333333333, "val_loss_graph": 0.7120987098467978}