{"ratio": 1.0, "train_accuracy": 0.84, "train_precision": 0.8278688524590164, "train_recall": 0.7890625, "train_sensitivity": 0.877906976744186, "train_specificity": 0.7890625, "train_f1score": 0.8080000000000002, "train_loss_graph": 0.469073407749335, "_runtime": 4160, "_timestamp": 1641465703, "_step": 943, "val_accuracy": 0.631578947368421, "val_precision": 0.6666666666666666, "val_recall": 0.25, "val_sensitivity": 0.9090909090909091, "val_specificity": 0.25, "val_f1score": 0.36363636363636365, "val_loss_graph": 0.6587408263432352}