{"ratio": 1.0, "train_accuracy": 0.7666666666666667, "train_precision": 0.7301587301587301, "train_recall": 0.71875, "train_sensitivity": 0.8023255813953488, "train_specificity": 0.71875, "train_f1score": 0.7244094488188977, "train_loss_graph": 0.5313774511218071, "_runtime": 839, "_timestamp": 1641462359, "_step": 235, "val_accuracy": 0.5789473684210527, "val_precision": 0.5, "val_recall": 0.375, "val_sensitivity": 0.7272727272727273, "val_specificity": 0.375, "val_f1score": 0.42857142857142855, "val_loss_graph": 0.7177249914721439, "_wandb": {"runtime": 840}}