{"ratio": 1.0, "train_accuracy": 0.88, "train_precision": 0.9035087719298246, "train_recall": 0.8046875, "train_sensitivity": 0.936046511627907, "train_specificity": 0.8046875, "train_f1score": 0.8512396694214877, "train_loss_graph": 0.45076215485731763, "_runtime": 755, "_timestamp": 1641461536, "_step": 389, "val_accuracy": 0.5263157894736842, "val_precision": 0.4444444444444444, "val_recall": 0.5, "val_sensitivity": 0.5454545454545454, "val_specificity": 0.5, "val_f1score": 0.47058823529411764, "val_loss_graph": 0.7139629909866735, "_wandb": {"runtime": 757}}