{"ratio": 1.0, "train_accuracy": 0.6026490066225165, "train_precision": 0.6190476190476191, "train_recall": 0.2, "train_sensitivity": 0.9069767441860465, "train_specificity": 0.2, "train_f1score": 0.3023255813953489, "train_loss_graph": 0.6521624500388341, "_runtime": 171, "_timestamp": 1641465706, "_step": 53, "val_accuracy": 0.6111111111111112, "val_precision": 0.5, "val_recall": 0.2857142857142857, "val_sensitivity": 0.8181818181818182, "val_specificity": 0.2857142857142857, "val_f1score": 0.36363636363636365, "val_loss_graph": 0.6647195253107283}