{"ratio": 1.0, "train_accuracy": 0.7880794701986755, "train_precision": 0.7796610169491526, "train_recall": 0.7076923076923077, "train_sensitivity": 0.8488372093023255, "train_specificity": 0.7076923076923077, "train_f1score": 0.7419354838709677, "train_loss_graph": 0.5443833047980504, "_runtime": 489, "_timestamp": 1641466024, "_step": 155, "val_accuracy": 0.7777777777777778, "val_precision": 0.8, "val_recall": 0.5714285714285714, "val_sensitivity": 0.9090909090909091, "val_specificity": 0.5714285714285714, "val_f1score": 0.6666666666666666, "val_loss_graph": 0.5180399500661426}