{"ratio": 1.0, "train_accuracy": 0.7483443708609272, "train_precision": 0.7647058823529411, "train_recall": 0.6, "train_sensitivity": 0.8604651162790697, "train_specificity": 0.6, "train_f1score": 0.6724137931034482, "train_loss_graph": 0.5808693821856518, "_runtime": 413, "_timestamp": 1641465948, "_step": 131, "val_accuracy": 0.5555555555555556, "val_precision": 0.3333333333333333, "val_recall": 0.14285714285714285, "val_sensitivity": 0.8181818181818182, "val_specificity": 0.14285714285714285, "val_f1score": 0.2, "val_loss_graph": 0.6988560689820184}