{"ratio": 1.0, "train_accuracy": 0.7947019867549668, "train_precision": 0.8269230769230769, "train_recall": 0.6615384615384615, "train_sensitivity": 0.8953488372093024, "train_specificity": 0.6615384615384615, "train_f1score": 0.7350427350427349, "train_loss_graph": 0.5211240915667932, "_runtime": 552, "_timestamp": 1641466087, "_step": 175, "val_accuracy": 0.6666666666666666, "val_precision": 0.5714285714285714, "val_recall": 0.5714285714285714, "val_sensitivity": 0.7272727272727273, "val_specificity": 0.5714285714285714, "val_f1score": 0.5714285714285714, "val_loss_graph": 0.6313659151395162}