{"ratio": 1.0, "train_accuracy": 0.8266666666666667, "train_precision": 0.8392857142857143, "train_recall": 0.734375, "train_sensitivity": 0.8953488372093024, "train_specificity": 0.734375, "train_f1score": 0.7833333333333332, "train_loss_graph": 0.49171468923489253, "_runtime": 1322, "_timestamp": 1641463687, "_step": 371, "val_accuracy": 0.631578947368421, "val_precision": 0.5555555555555556, "val_recall": 0.625, "val_sensitivity": 0.6363636363636364, "val_specificity": 0.625, "val_f1score": 0.5882352941176471, "val_loss_graph": 0.652565073025854, "_wandb": {"runtime": 1323}}