{"ratio": 1.0, "train_accuracy": 0.8066666666666666, "train_precision": 0.8181818181818182, "train_recall": 0.703125, "train_sensitivity": 0.8837209302325582, "train_specificity": 0.703125, "train_f1score": 0.7563025210084033, "train_loss_graph": 0.5017544118563334, "_runtime": 831, "_timestamp": 1641465528, "_step": 265, "val_accuracy": 0.5789473684210527, "val_precision": 0.5, "val_recall": 0.125, "val_sensitivity": 0.9090909090909091, "val_specificity": 0.125, "val_f1score": 0.2, "val_loss_graph": 0.6782656484528592, "_wandb": {"runtime": 832}}