{"ratio": 1.0, "train_accuracy": 0.6622516556291391, "train_precision": 0.64, "train_recall": 0.49230769230769234, "train_sensitivity": 0.7906976744186046, "train_specificity": 0.49230769230769234, "train_f1score": 0.5565217391304347, "train_loss_graph": 0.6315128465756675, "_runtime": 645, "_timestamp": 1641466086, "_step": 179, "val_accuracy": 0.6111111111111112, "val_precision": 0.5, "val_recall": 0.42857142857142855, "val_sensitivity": 0.7272727272727273, "val_specificity": 0.42857142857142855, "val_f1score": 0.4615384615384615, "val_loss_graph": 0.6816917442613177}