{"ratio": 1.0, "train_accuracy": 0.6622516556291391, "train_precision": 0.7692307692307693, "train_recall": 0.3076923076923077, "train_sensitivity": 0.9302325581395349, "train_specificity": 0.3076923076923077, "train_f1score": 0.4395604395604395, "train_loss_graph": 0.630676566567642, "_runtime": 581, "_timestamp": 1641466022, "_step": 161, "val_accuracy": 0.5, "val_precision": 0.4, "val_recall": 0.5714285714285714, "val_sensitivity": 0.45454545454545453, "val_specificity": 0.5714285714285714, "val_f1score": 0.47058823529411764, "val_loss_graph": 0.7703634517060386}