{"ratio": 1.0, "train_accuracy": 0.6688741721854304, "train_precision": 0.7777777777777778, "train_recall": 0.3230769230769231, "train_sensitivity": 0.9302325581395349, "train_specificity": 0.3230769230769231, "train_f1score": 0.45652173913043476, "train_loss_graph": 0.6411187504695741, "_runtime": 501, "_timestamp": 1641465942, "_step": 139, "val_accuracy": 0.6111111111111112, "val_precision": 0.5, "val_recall": 0.14285714285714285, "val_sensitivity": 0.9090909090909091, "val_specificity": 0.14285714285714285, "val_f1score": 0.22222222222222224, "val_loss_graph": 0.6721334540181689}