{"ratio": 1.0, "train_accuracy": 0.5827814569536424, "train_precision": 0.5714285714285714, "train_recall": 0.12307692307692308, "train_sensitivity": 0.9302325581395349, "train_specificity": 0.12307692307692308, "train_f1score": 0.20253164556962025, "train_loss_graph": 0.671747426718276, "_runtime": 267, "_timestamp": 1641465708, "_step": 73, "val_accuracy": 0.5555555555555556, "val_precision": 0.3333333333333333, "val_recall": 0.14285714285714285, "val_sensitivity": 0.8181818181818182, "val_specificity": 0.14285714285714285, "val_f1score": 0.2, "val_loss_graph": 0.6793832298782136}