{"ratio": 1.0, "train_accuracy": 0.7933333333333333, "train_precision": 0.8055555555555556, "train_recall": 0.6796875, "train_sensitivity": 0.877906976744186, "train_specificity": 0.6796875, "train_f1score": 0.7372881355932203, "train_loss_graph": 0.5404380508263906, "_runtime": 4281, "_timestamp": 1641465700, "_step": 987, "val_accuracy": 0.5789473684210527, "val_precision": 0.5, "val_recall": 0.5, "val_sensitivity": 0.6363636363636364, "val_specificity": 0.5, "val_f1score": 0.5, "val_loss_graph": 0.6246908260019202}