{"ratio": 1.0, "train_accuracy": 0.8233333333333334, "train_precision": 0.8378378378378378, "train_recall": 0.7265625, "train_sensitivity": 0.8953488372093024, "train_specificity": 0.7265625, "train_f1score": 0.7782426778242678, "train_loss_graph": 0.5345968859394391, "_runtime": 4524, "_timestamp": 1641465943, "_step": 1023, "val_accuracy": 0.631578947368421, "val_precision": 0.5555555555555556, "val_recall": 0.625, "val_sensitivity": 0.6363636363636364, "val_specificity": 0.625, "val_f1score": 0.5882352941176471, "val_loss_graph": 0.6252106851653049}