{"ratio": 1.0, "train_accuracy": 0.8166666666666667, "train_precision": 0.8348623853211009, "train_recall": 0.7109375, "train_sensitivity": 0.8953488372093024, "train_specificity": 0.7109375, "train_f1score": 0.7679324894514767, "train_loss_graph": 0.5287593652804693, "_runtime": 4659, "_timestamp": 1641466078, "_step": 1043, "val_accuracy": 0.5789473684210527, "val_precision": 0.5, "val_recall": 0.5, "val_sensitivity": 0.6363636363636364, "val_specificity": 0.5, "val_f1score": 0.5, "val_loss_graph": 0.6244230348812906}