{"ratio": 1.0, "train_accuracy": 0.82, "train_precision": 0.8425925925925926, "train_recall": 0.7109375, "train_sensitivity": 0.9011627906976745, "train_specificity": 0.7109375, "train_f1score": 0.771186440677966, "train_loss_graph": 0.5301781558990478, "_runtime": 4605, "_timestamp": 1641466024, "_step": 1035, "val_accuracy": 0.5789473684210527, "val_precision": 0.5, "val_recall": 0.5, "val_sensitivity": 0.6363636363636364, "val_specificity": 0.5, "val_f1score": 0.5, "val_loss_graph": 0.6248726123257687}