{"ratio": 1.0, "train_accuracy": 0.5695364238410596, "train_precision": 0.0, "train_recall": 0.0, "train_sensitivity": 1.0, "train_specificity": 0.0, "train_f1score": 0.0, "train_loss_graph": 0.7437253235191699, "_runtime": 744, "_timestamp": 1641463439, "_step": 213, "val_accuracy": 0.6111111111111112, "val_precision": 0.0, "val_recall": 0.0, "val_sensitivity": 1.0, "val_specificity": 0.0, "val_f1score": 0.0, "val_loss_graph": 0.7021506362491183, "_wandb": {"runtime": 745}}