{"ratio": 1.0, "train_accuracy": 0.62, "train_precision": 0.5625, "train_recall": 0.4921875, "train_sensitivity": 0.7151162790697675, "train_specificity": 0.4921875, "train_f1score": 0.525, "train_loss_graph": 0.6613434174656868, "_runtime": 740, "_timestamp": 1641462689, "_step": 213, "val_accuracy": 0.3157894736842105, "val_precision": 0.14285714285714285, "val_recall": 0.125, "val_sensitivity": 0.45454545454545453, "val_specificity": 0.125, "val_f1score": 0.13333333333333333, "val_loss_graph": 0.8189225400749006, "_wandb": {"runtime": 741}}