{"ratio": 1.0, "train_accuracy": 0.6333333333333333, "train_precision": 0.6046511627906976, "train_recall": 0.40625, "train_sensitivity": 0.8023255813953488, "train_specificity": 0.40625, "train_f1score": 0.48598130841121495, "train_loss_graph": 0.6517813116312027, "_runtime": 639, "_timestamp": 1641461943, "_step": 211, "val_accuracy": 0.42105263157894735, "val_precision": 0.2857142857142857, "val_recall": 0.25, "val_sensitivity": 0.5454545454545454, "val_specificity": 0.25, "val_f1score": 0.26666666666666666, "val_loss_graph": 0.7524667460667459, "_wandb": {"runtime": 640}}