{"ratio": 1.0, "train_accuracy": 0.7185430463576159, "train_precision": 0.7227722772277227, "train_recall": 0.5615384615384615, "train_sensitivity": 0.8372093023255814, "train_specificity": 0.5615384615384615, "train_f1score": 0.6320346320346321, "train_loss_graph": 0.5701601552647471, "_runtime": 1542, "_timestamp": 1641465235, "_step": 263, "val_accuracy": 0.5555555555555556, "val_precision": 0.4444444444444444, "val_recall": 0.5714285714285714, "val_sensitivity": 0.5454545454545454, "val_specificity": 0.5714285714285714, "val_f1score": 0.5, "val_loss_graph": 0.7228143960237503, "_wandb": {"runtime": 1543}}