{"ratio": 1.0, "train_accuracy": 0.42207792207792205, "train_precision": 0.42207792207792205, "train_recall": 1.0, "train_sensitivity": 0.0, "train_specificity": 1.0, "train_f1score": 0.593607305936073, "train_loss_graph": 0.8911838941759878, "_runtime": 858, "_timestamp": 1641464303, "_step": 203, "val_accuracy": 0.4666666666666667, "val_precision": 0.4666666666666667, "val_recall": 1.0, "val_sensitivity": 0.0, "val_specificity": 1.0, "val_f1score": 0.6363636363636364, "val_loss_graph": 0.8465951442718506, "_wandb": {"runtime": 859}}