{"ratio": 1.0, "train_accuracy": 0.7933333333333333, "train_precision": 0.8, "train_recall": 0.6875, "train_sensitivity": 0.872093023255814, "train_specificity": 0.6875, "train_f1score": 0.7394957983193278, "train_loss_graph": 0.5156996784607569, "_runtime": 1699, "_timestamp": 1641465809, "_step": 475, "val_accuracy": 0.631578947368421, "val_precision": 0.5333333333333333, "val_recall": 1.0, "val_sensitivity": 0.36363636363636365, "val_specificity": 1.0, "val_f1score": 0.6956521739130436, "val_loss_graph": 0.6891078682322251, "_wandb": {"runtime": 1700}}