{"ratio": 1.0, "train_accuracy": 0.94, "train_precision": 0.9365079365079365, "train_recall": 0.921875, "train_sensitivity": 0.9534883720930233, "train_specificity": 0.921875, "train_f1score": 0.9291338582677166, "train_loss_graph": 0.3938937854766846, "_runtime": 1597, "_timestamp": 1641465707, "_step": 447, "val_accuracy": 0.5263157894736842, "val_precision": 0.4666666666666667, "val_recall": 0.875, "val_sensitivity": 0.2727272727272727, "val_specificity": 0.875, "val_f1score": 0.608695652173913, "val_loss_graph": 0.7404271223043141}