{"ratio": 1.0, "train_accuracy": 0.5733333333333334, "train_precision": 0.0, "train_recall": 0.0, "train_sensitivity": 1.0, "train_specificity": 0.0, "train_f1score": 0.0, "train_loss_graph": 0.7026869243383408, "_runtime": 10, "_timestamp": 1641334018, "_step": 5, "val_accuracy": 0.5789473684210527, "val_precision": 0.0, "val_recall": 0.0, "val_sensitivity": 1.0, "val_specificity": 0.0, "val_f1score": 0.0, "val_loss_graph": 0.7290755667184529}