{"ratio": 1.0, "train_accuracy": 0.66, "train_precision": 0.7096774193548387, "train_recall": 0.34375, "train_sensitivity": 0.8953488372093024, "train_specificity": 0.34375, "train_f1score": 0.4631578947368421, "train_loss_graph": 0.627245125969251, "_runtime": 735, "_timestamp": 1641465434, "_step": 203, "val_accuracy": 0.3684210526315789, "val_precision": 0.3333333333333333, "val_recall": 0.5, "val_sensitivity": 0.2727272727272727, "val_specificity": 0.5, "val_f1score": 0.4, "val_loss_graph": 0.7683441497777638, "_wandb": {"runtime": 736}}