{"ratio": 1.0, "train_accuracy": 0.6785714285714286, "train_precision": 0.6703296703296703, "train_recall": 0.46923076923076923, "train_sensitivity": 0.8314606741573034, "train_specificity": 0.46923076923076923, "train_f1score": 0.5520361990950227, "train_loss_graph": 0.636458270251751, "_runtime": 696, "_timestamp": 1641465937, "_step": 99, "val_accuracy": 0.5333333333333333, "val_precision": 0.0, "val_recall": 0.0, "val_sensitivity": 1.0, "val_specificity": 0.0, "val_f1score": 0.0, "val_loss_graph": 0.7306336720784505}