{"ratio": 1.0, "train_accuracy": 0.672077922077922, "train_precision": 0.6666666666666666, "train_recall": 0.4461538461538462, "train_sensitivity": 0.8370786516853933, "train_specificity": 0.4461538461538462, "train_f1score": 0.5345622119815668, "train_loss_graph": 0.6214874103278308, "_runtime": 779, "_timestamp": 1641466020, "_step": 111, "val_accuracy": 0.5333333333333333, "val_precision": 0.5, "val_recall": 0.14285714285714285, "val_sensitivity": 0.875, "val_specificity": 0.14285714285714285, "val_f1score": 0.22222222222222224, "val_loss_graph": 0.749373177687327}