{"ratio": 1.0, "train_accuracy": 0.685064935064935, "train_precision": 0.6666666666666666, "train_recall": 0.5076923076923077, "train_sensitivity": 0.8146067415730337, "train_specificity": 0.5076923076923077, "train_f1score": 0.5764192139737991, "train_loss_graph": 0.6158838785894505, "_runtime": 834, "_timestamp": 1641466075, "_step": 119, "val_accuracy": 0.6, "val_precision": 1.0, "val_recall": 0.14285714285714285, "val_sensitivity": 1.0, "val_specificity": 0.14285714285714285, "val_f1score": 0.25, "val_loss_graph": 0.7497813403606415}