{"ratio": 1.0, "train_accuracy": 0.6461038961038961, "train_precision": 0.6567164179104478, "train_recall": 0.3384615384615385, "train_sensitivity": 0.8707865168539326, "train_specificity": 0.3384615384615385, "train_f1score": 0.4467005076142132, "train_loss_graph": 0.6402231134571038, "_runtime": 460, "_timestamp": 1641465701, "_step": 65, "val_accuracy": 0.5333333333333333, "val_precision": 0.0, "val_recall": 0.0, "val_sensitivity": 1.0, "val_specificity": 0.0, "val_f1score": 0.0, "val_loss_graph": 0.7218005537986756}